{"cameraMode":{"drawMode":0,"name":"Shaded","section":"Shading Mode"},"sceneLighting":false,"audioPlay":false,"sceneViewState":{"showFog":true,"showMaterialUpdate":false,"showSkybox":true,"showFlares":true,"showImageEffects":true,"showParticleSystems":true},"in2DMode":false,"pivot":{"x":-2.9802322387695315e-8,"y":-0.05274413526058197,"z":7.450580596923828e-8},"rotation":{"x":-0.07416383177042008,"y":-0.9236008524894714,"z":0.23043182492256165,"w":-0.2972582280635834},"size":1.1392788887023926,"orthographic":false}