{"cameraMode":{"drawMode":0,"name":"Shaded","section":"Shading Mode"},"sceneLighting":false,"audioPlay":false,"sceneViewState":{"showFog":true,"showMaterialUpdate":false,"showSkybox":true,"showFlares":true,"showImageEffects":true,"showParticleSystems":true},"in2DMode":false,"pivot":{"x":4.822767734527588,"y":0.8133540749549866,"z":7.1110734939575199},"rotation":{"x":0.04429560527205467,"y":-0.8340985178947449,"z":0.0677117332816124,"w":0.5456488728523254},"size":3.9804394245147707,"orthographic":false}