{"cameraMode":{"drawMode":0,"name":"Shaded","section":"Shading Mode"},"sceneLighting":true,"audioPlay":false,"sceneViewState":{"showFog":true,"showMaterialUpdate":false,"showSkybox":true,"showFlares":true,"showImageEffects":true,"showParticleSystems":true},"in2DMode":false,"pivot":{"x":0.46097803115844729,"y":0.9208541512489319,"z":0.8048883080482483},"rotation":{"x":-0.10131953656673432,"y":-0.7678916454315186,"z":0.12550009787082673,"w":-0.6199407577514648},"size":5.144951343536377,"orthographic":false}