{"cameraMode":{"drawMode":0,"name":"Shaded","section":"Shading Mode"},"sceneLighting":true,"audioPlay":false,"sceneViewState":{"showFog":true,"showMaterialUpdate":false,"showSkybox":true,"showFlares":true,"showImageEffects":true,"showParticleSystems":true},"in2DMode":false,"pivot":{"x":0.10455580800771713,"y":1.3035305738449097,"z":-0.9883327484130859},"rotation":{"x":-0.004498106427490711,"y":0.000011089983672718517,"z":4.12207477040738e-8,"w":0.999989926815033},"size":5.078177452087402,"orthographic":false}