{"cameraMode":{"drawMode":0,"name":"Shaded","section":"Shading Mode"},"sceneLighting":false,"audioPlay":false,"sceneViewState":{"showFog":true,"showMaterialUpdate":false,"showSkybox":true,"showFlares":true,"showImageEffects":true,"showParticleSystems":true},"in2DMode":false,"pivot":{"x":-1.1967402696609498,"y":1.438659906387329,"z":0.35060638189315798},"rotation":{"x":0.008142903447151184,"y":0.9084653258323669,"z":-0.017717862501740457,"w":0.4175051748752594},"size":4.605244159698486,"orthographic":false}