{"cameraMode":{"drawMode":0,"name":"Shaded","section":"Shading Mode"},"sceneLighting":false,"audioPlay":false,"sceneViewState":{"showFog":true,"showMaterialUpdate":false,"showSkybox":true,"showFlares":true,"showImageEffects":true,"showParticleSystems":true},"in2DMode":false,"pivot":{"x":2.2999465465545656,"y":0.162075012922287,"z":1.9999632835388184},"rotation":{"x":-0.04745904356241226,"y":-0.14720991253852845,"z":0.007071589585393667,"w":-0.987940788269043},"size":0.5708391070365906,"orthographic":false}