{"cameraMode":{"drawMode":0,"name":"Shaded","section":"Shading Mode"},"sceneLighting":false,"audioPlay":false,"sceneViewState":{"showFog":true,"showMaterialUpdate":false,"showSkybox":true,"showFlares":true,"showImageEffects":true,"showParticleSystems":true},"in2DMode":false,"pivot":{"x":2.908392906188965,"y":0.6834309697151184,"z":-0.4947301149368286},"rotation":{"x":0.044552505016326907,"y":0.8443812131881714,"z":-0.071095772087574,"w":0.5291321873664856},"size":4.305243968963623,"orthographic":false}