{"cameraMode":{"drawMode":0,"name":"Shaded","section":"Shading Mode"},"sceneLighting":false,"audioPlay":false,"sceneViewState":{"showFog":true,"showMaterialUpdate":false,"showSkybox":true,"showFlares":true,"showImageEffects":true,"showParticleSystems":true},"in2DMode":false,"pivot":{"x":0.0,"y":1.3249999284744263,"z":0.0494193360209465},"rotation":{"x":-0.027022598311305047,"y":0.6600919961929321,"z":0.023773320019245149,"w":0.7503221035003662},"size":4.396789073944092,"orthographic":false}