{"cameraMode":{"drawMode":0,"name":"Shaded","section":"Shading Mode"},"sceneLighting":false,"audioPlay":false,"sceneViewState":{"showFog":true,"showMaterialUpdate":false,"showSkybox":true,"showFlares":true,"showImageEffects":true,"showParticleSystems":true},"in2DMode":false,"pivot":{"x":-0.3840409815311432,"y":1.3221335411071778,"z":0.48195865750312807},"rotation":{"x":0.013212382793426514,"y":-0.6789039969444275,"z":-0.012220725417137146,"w":-0.7340065240859985},"size":0.9984974265098572,"orthographic":false}